Product,Url,alert_price,price,alert
Men’s Stretchdown Hoodie,https://www.mountainhardwear.com/p/mens-stretchdown-hoody-1942911.html?dwvar_1942911_color=010,200,179.98,True
Product,Url,alert_price,price,alert
Men’s Stretchdown Hoodie,https://www.mountainhardwear.com/p/mens-stretchdown-hoody-1942911.html?dwvar_1942911_color=010,200,179.98,True
Product,Url,alert_price,price,alert
Men’s Stretchdown Hoodie,https://www.mountainhardwear.com/p/mens-stretchdown-hoody-1942911.html?dwvar_1942911_color=010,200,179.98,True
Product,Url,alert_price,price,alert
Men’s Stretchdown Hoodie,https://www.mountainhardwear.com/p/mens-stretchdown-hoody-1942911.html?dwvar_1942911_color=010,200,179.98,True
Product,Url,alert_price,price,alert
Men’s Stretchdown Hoodie,https://www.mountainhardwear.com/p/mens-stretchdown-hoody-1942911.html?dwvar_1942911_color=010,200,179.98,True
Product,Url,alert_price,price,alert
Men’s Stretchdown Hoodie,https://www.mountainhardwear.com/p/mens-stretchdown-hoody-1942911.html?dwvar_1942911_color=010,200,179.98,True
Product,Url,alert_price,price,alert
Mens Stretchdown Hoodie,https://www.mountainhardwear.com/p/mens-stretchdown-hoody-1942911.html?dwvar_1942911_color=010,200,179.98,True
Product,Url,alert_price,price,alert
Mens Stretchdown Hoodie,https://www.mountainhardwear.com/p/mens-stretchdown-hoody-1942911.html?dwvar_1942911_color=010,200,179.98,True
Product,Url,alert_price,price,alert
Mens Stretchdown Hoodie,https://www.mountainhardwear.com/p/mens-stretchdown-hoody-1942911.html?dwvar_1942911_color=010,200,179.98,True
Product,Url,alert_price,price,alert
Mens Stretchdown Hoodie,https://www.mountainhardwear.com/p/mens-stretchdown-hoody-1942911.html?dwvar_1942911_color=010,180,179.98,True
Mens Phantom Alpine Down Jacket,https://www.mountainhardwear.com/p/mens-phantom-alpine-down-jacket-2042861.html?dwvar_2042861_color=356,170,239.98,False
Men's Stretchdown Vest,https://www.mountainhardwear.com/p/mens-stretchdown-vest-2019381.html?dwvar_2019381_color=249,135,137.98,False
Product,Url,alert_price,price,alert
Mens Stretchdown Hoodie,https://www.mountainhardwear.com/p/mens-stretchdown-hoody-1942911.html?dwvar_1942911_color=010,180,179.98,True
Mens Phantom Alpine Down Jacket,https://www.mountainhardwear.com/p/mens-phantom-alpine-down-jacket-2042861.html?dwvar_2042861_color=356,170,239.98,False
Men's Stretchdown Vest,https://www.mountainhardwear.com/p/mens-stretchdown-vest-2019381.html?dwvar_2019381_color=249,135,137.98,False
Product,Url,alert_price,price,alert
Mens Stretchdown Hoodie,https://www.mountainhardwear.com/p/mens-stretchdown-hoody-1942911.html?dwvar_1942911_color=010,180,179.98,True
Mens Phantom Alpine Down Jacket,https://www.mountainhardwear.com/p/mens-phantom-alpine-down-jacket-2042861.html?dwvar_2042861_color=356,170,239.98,False
Men's Stretchdown Vest,https://www.mountainhardwear.com/p/mens-stretchdown-vest-2019381.html?dwvar_2019381_color=249,135,137.98,False
Product,Url,alert_price,price,alert
Mens Stretchdown Hoodie,https://www.mountainhardwear.com/p/mens-stretchdown-hoody-1942911.html?dwvar_1942911_color=010,180,179.98,True
Mens Phantom Alpine Down Jacket,https://www.mountainhardwear.com/p/mens-phantom-alpine-down-jacket-2042861.html?dwvar_2042861_color=356,170,239.98,False
Men's Stretchdown Vest,https://www.mountainhardwear.com/p/mens-stretchdown-vest-2019381.html?dwvar_2019381_color=249,135,137.98,False
Product,Url,alert_price,price,alert
Mens Stretchdown Hoodie,https://www.mountainhardwear.com/p/mens-stretchdown-hoody-1942911.html?dwvar_1942911_color=010,180,179.98,True
Mens Phantom Alpine Down Jacket,https://www.mountainhardwear.com/p/mens-phantom-alpine-down-jacket-2042861.html?dwvar_2042861_color=356,170,239.98,False
Men's Stretchdown Vest,https://www.mountainhardwear.com/p/mens-stretchdown-vest-2019381.html?dwvar_2019381_color=249,135,137.98,False
Product,Url,alert_price,price,alert
Mens Stretchdown Hoodie,https://www.mountainhardwear.com/p/mens-stretchdown-hoody-1942911.html?dwvar_1942911_color=010,180,179.98,True
Mens Phantom Alpine Down Jacket,https://www.mountainhardwear.com/p/mens-phantom-alpine-down-jacket-2042861.html?dwvar_2042861_color=356,170,239.98,False
Men's Stretchdown Vest,https://www.mountainhardwear.com/p/mens-stretchdown-vest-2019381.html?dwvar_2019381_color=249,135,137.98,False
Product,Url,alert_price,price,alert
Mens Stretchdown Hoodie,https://www.mountainhardwear.com/p/mens-stretchdown-hoody-1942911.html?dwvar_1942911_color=010,180,179.98,True
Mens Phantom Alpine Down Jacket,https://www.mountainhardwear.com/p/mens-phantom-alpine-down-jacket-2042861.html?dwvar_2042861_color=356,170,239.98,False
Men's Stretchdown Vest,https://www.mountainhardwear.com/p/mens-stretchdown-vest-2019381.html?dwvar_2019381_color=249,135,137.98,False
Product,Url,alert_price,price,alert
Mens Stretchdown Hoodie,https://www.mountainhardwear.com/p/mens-stretchdown-hoody-1942911.html?dwvar_1942911_color=010,180,179.98,True
Mens Phantom Alpine Down Jacket,https://www.mountainhardwear.com/p/mens-phantom-alpine-down-jacket-2042861.html?dwvar_2042861_color=356,170,239.98,False
Men's Stretchdown Vest,https://www.mountainhardwear.com/p/mens-stretchdown-vest-2019381.html?dwvar_2019381_color=249,135,137.98,False
Product,Url,alert_price,price,alert
Mens Stretchdown Hoodie,https://www.mountainhardwear.com/p/mens-stretchdown-hoody-1942911.html?dwvar_1942911_color=010,180,179.98,True
Mens Phantom Alpine Down Jacket,https://www.mountainhardwear.com/p/mens-phantom-alpine-down-jacket-2042861.html?dwvar_2042861_color=356,170,239.98,False
Men's Stretchdown Vest,https://www.mountainhardwear.com/p/mens-stretchdown-vest-2019381.html?dwvar_2019381_color=249,135,137.98,False
Product,Url,alert_price,price,alert
Mens Stretchdown Hoodie,https://www.mountainhardwear.com/p/mens-stretchdown-hoody-1942911.html?dwvar_1942911_color=010,180,179.98,True
Mens Phantom Alpine Down Jacket,https://www.mountainhardwear.com/p/mens-phantom-alpine-down-jacket-2042861.html?dwvar_2042861_color=356,170,239.98,False
Men's Stretchdown Vest,https://www.mountainhardwear.com/p/mens-stretchdown-vest-2019381.html?dwvar_2019381_color=249,135,137.98,False
Product,Url,alert_price,price,alert
Mens Stretchdown Hoodie,https://www.mountainhardwear.com/p/mens-stretchdown-hoody-1942911.html?dwvar_1942911_color=010,180,179.98,True
Mens Phantom Alpine Down Jacket,https://www.mountainhardwear.com/p/mens-phantom-alpine-down-jacket-2042861.html?dwvar_2042861_color=356,170,239.98,False
Men's Stretchdown Vest,https://www.mountainhardwear.com/p/mens-stretchdown-vest-2019381.html?dwvar_2019381_color=249,135,137.98,False
Product,Url,alert_price,price,alert
Mens Stretchdown Hoodie,https://www.mountainhardwear.com/p/mens-stretchdown-hoody-1942911.html?dwvar_1942911_color=010,180,179.98,True
Mens Phantom Alpine Down Jacket,https://www.mountainhardwear.com/p/mens-phantom-alpine-down-jacket-2042861.html?dwvar_2042861_color=356,170,239.98,False
Men's Stretchdown Vest,https://www.mountainhardwear.com/p/mens-stretchdown-vest-2019381.html?dwvar_2019381_color=249,135,137.98,False
Product,Url,alert_price,price,alert
Mens Stretchdown Hoodie,https://www.mountainhardwear.com/p/mens-stretchdown-hoody-1942911.html?dwvar_1942911_color=010,180,179.98,True
Mens Phantom Alpine Down Jacket,https://www.mountainhardwear.com/p/mens-phantom-alpine-down-jacket-2042861.html?dwvar_2042861_color=356,300,239.98,True
Men's Stretchdown Vest,https://www.mountainhardwear.com/p/mens-stretchdown-vest-2019381.html?dwvar_2019381_color=249,135,137.98,False
Product,Url,alert_price,price,alert
Mens Stretchdown Hoodie,https://www.mountainhardwear.com/p/mens-stretchdown-hoody-1942911.html?dwvar_1942911_color=010,180,179.98,True
Mens Phantom Alpine Down Jacket,https://www.mountainhardwear.com/p/mens-phantom-alpine-down-jacket-2042861.html?dwvar_2042861_color=356,400,239.98,True
Men's Stretchdown Vest,https://www.mountainhardwear.com/p/mens-stretchdown-vest-2019381.html?dwvar_2019381_color=249,150,137.98,True
Product,Url,alert_price,price,alert
Mens Stretchdown Hoodie,https://www.mountainhardwear.com/p/mens-stretchdown-hoody-1942911.html?dwvar_1942911_color=010,180,179.98,True
Mens Phantom Alpine Down Jacket,https://www.mountainhardwear.com/p/mens-phantom-alpine-down-jacket-2042861.html?dwvar_2042861_color=356,400,239.98,True
Men's Stretchdown Vest,https://www.mountainhardwear.com/p/mens-stretchdown-vest-2019381.html?dwvar_2019381_color=249,150,137.98,True
Product,Url,alert_price,price,alert
Mens Stretchdown Hoodie,https://www.mountainhardwear.com/p/mens-stretchdown-hoody-1942911.html?dwvar_1942911_color=010,180,179.98,True
Mens Phantom Alpine Down Jacket,https://www.mountainhardwear.com/p/mens-phantom-alpine-down-jacket-2042861.html?dwvar_2042861_color=356,400,239.98,True
Men's Stretchdown Vest,https://www.mountainhardwear.com/p/mens-stretchdown-vest-2019381.html?dwvar_2019381_color=249,150,137.98,True
Product,Url,alert_price,price,alert
Mens Stretchdown Hoodie,https://www.mountainhardwear.com/p/mens-stretchdown-hoody-1942911.html?dwvar_1942911_color=010,180,179.98,True
Mens Phantom Alpine Down Jacket,https://www.mountainhardwear.com/p/mens-phantom-alpine-down-jacket-2042861.html?dwvar_2042861_color=356,400,239.98,True
Men's Stretchdown Vest,https://www.mountainhardwear.com/p/mens-stretchdown-vest-2019381.html?dwvar_2019381_color=249,150,137.98,True
Product,Url,alert_price,price,alert
Mens Stretchdown Hoodie,https://www.mountainhardwear.com/p/mens-stretchdown-hoody-1942911.html?dwvar_1942911_color=010,180,179.98,True
Mens Phantom Alpine Down Jacket,https://www.mountainhardwear.com/p/mens-phantom-alpine-down-jacket-2042861.html?dwvar_2042861_color=356,400,239.98,True
Men's Stretchdown Vest,https://www.mountainhardwear.com/p/mens-stretchdown-vest-2019381.html?dwvar_2019381_color=249,150,137.98,True
Product,Url,alert_price,price,alert
Mens Stretchdown Hoodie,https://www.mountainhardwear.com/p/mens-stretchdown-hoody-1942911.html?dwvar_1942911_color=010,180,179.98,True
Mens Phantom Alpine Down Jacket,https://www.mountainhardwear.com/p/mens-phantom-alpine-down-jacket-2042861.html?dwvar_2042861_color=356,400,239.98,True
Men's Stretchdown Vest,https://www.mountainhardwear.com/p/mens-stretchdown-vest-2019381.html?dwvar_2019381_color=249,150,137.98,True
Product,Url,alert_price,price,alert
Mens Stretchdown Hoodie,https://www.mountainhardwear.com/p/mens-stretchdown-hoody-1942911.html?dwvar_1942911_color=010,180,179.98,True
Mens Phantom Alpine Down Jacket,https://www.mountainhardwear.com/p/mens-phantom-alpine-down-jacket-2042861.html?dwvar_2042861_color=356,400,239.98,True
Men's Stretchdown Vest,https://www.mountainhardwear.com/p/mens-stretchdown-vest-2019381.html?dwvar_2019381_color=249,150,137.98,True
Product,Url,alert_price,price,alert
Mens Stretchdown Hoodie,https://www.mountainhardwear.com/p/mens-stretchdown-hoody-1942911.html?dwvar_1942911_color=010,180,179.98,True
Mens Phantom Alpine Down Jacket,https://www.mountainhardwear.com/p/mens-phantom-alpine-down-jacket-2042861.html?dwvar_2042861_color=356,400,239.98,True
Men's Stretchdown Vest,https://www.mountainhardwear.com/p/mens-stretchdown-vest-2019381.html?dwvar_2019381_color=249,150,137.98,True
Product,Url,alert_price,price,alert
Mens Stretchdown Hoodie,https://www.mountainhardwear.com/p/mens-stretchdown-hoody-1942911.html?dwvar_1942911_color=010,180,179.98,True
Mens Phantom Alpine Down Jacket,https://www.mountainhardwear.com/p/mens-phantom-alpine-down-jacket-2042861.html?dwvar_2042861_color=356,400,239.98,True
Men's Stretchdown Vest,https://www.mountainhardwear.com/p/mens-stretchdown-vest-2019381.html?dwvar_2019381_color=249,150,137.98,True
Product,Url,alert_price,price,alert
Mens Stretchdown Hoodie,https://www.mountainhardwear.com/p/mens-stretchdown-hoody-1942911.html?dwvar_1942911_color=010,180,179.98,True
Mens Phantom Alpine Down Jacket,https://www.mountainhardwear.com/p/mens-phantom-alpine-down-jacket-2042861.html?dwvar_2042861_color=356,400,239.98,True
Men's Stretchdown Vest,https://www.mountainhardwear.com/p/mens-stretchdown-vest-2019381.html?dwvar_2019381_color=249,150,137.98,True
Product,Url,alert_price,price,alert
Mens Stretchdown Hoodie,https://www.mountainhardwear.com/p/mens-stretchdown-hoody-1942911.html?dwvar_1942911_color=010,180,179.98,True
Mens Phantom Alpine Down Jacket,https://www.mountainhardwear.com/p/mens-phantom-alpine-down-jacket-2042861.html?dwvar_2042861_color=356,400,239.98,True
Men's Stretchdown Vest,https://www.mountainhardwear.com/p/mens-stretchdown-vest-2019381.html?dwvar_2019381_color=249,150,137.98,True
Product,Url,alert_price,price,alert
Mens Stretchdown Hoodie,https://www.mountainhardwear.com/p/mens-stretchdown-hoody-1942911.html?dwvar_1942911_color=010,180,179.98,True
Mens Phantom Alpine Down Jacket,https://www.mountainhardwear.com/p/mens-phantom-alpine-down-jacket-2042861.html?dwvar_2042861_color=356,400,239.98,True
Men's Stretchdown Vest,https://www.mountainhardwear.com/p/mens-stretchdown-vest-2019381.html?dwvar_2019381_color=249,150,137.98,True
Product,Url,alert_price,price,alert
Mens Stretchdown Hoodie,https://www.mountainhardwear.com/p/mens-stretchdown-hoody-1942911.html?dwvar_1942911_color=010,180,179.98,True
Mens Phantom Alpine Down Jacket,https://www.mountainhardwear.com/p/mens-phantom-alpine-down-jacket-2042861.html?dwvar_2042861_color=356,400,239.98,True
Men's Stretchdown Vest,https://www.mountainhardwear.com/p/mens-stretchdown-vest-2019381.html?dwvar_2019381_color=249,150,137.98,True
Product,Url,alert_price,price,alert
Mens Stretchdown Hoodie,https://www.mountainhardwear.com/p/mens-stretchdown-hoody-1942911.html?dwvar_1942911_color=010,180,179.98,True
Mens Phantom Alpine Down Jacket,https://www.mountainhardwear.com/p/mens-phantom-alpine-down-jacket-2042861.html?dwvar_2042861_color=356,400,239.98,True
Men's Stretchdown Vest,https://www.mountainhardwear.com/p/mens-stretchdown-vest-2019381.html?dwvar_2019381_color=249,150,137.98,True
Product,Url,alert_price,price,alert
Mens Stretchdown Hoodie,https://www.mountainhardwear.com/p/mens-stretchdown-hoody-1942911.html?dwvar_1942911_color=010,180,179.98,True
Mens Phantom Alpine Down Jacket,https://www.mountainhardwear.com/p/mens-phantom-alpine-down-jacket-2042861.html?dwvar_2042861_color=356,400,239.98,True
Men's Stretchdown Vest,https://www.mountainhardwear.com/p/mens-stretchdown-vest-2019381.html?dwvar_2019381_color=249,150,137.98,True
Product,Url,alert_price,price,alert
Mens Stretchdown Hoodie,https://www.mountainhardwear.com/p/mens-stretchdown-hoody-1942911.html?dwvar_1942911_color=010,180,179.98,True
Mens Phantom Alpine Down Jacket,https://www.mountainhardwear.com/p/mens-phantom-alpine-down-jacket-2042861.html?dwvar_2042861_color=356,400,239.98,True
Men's Stretchdown Vest,https://www.mountainhardwear.com/p/mens-stretchdown-vest-2019381.html?dwvar_2019381_color=249,150,137.98,True
Product,Url,alert_price,price,alert
Mens Stretchdown Hoodie,https://www.mountainhardwear.com/p/mens-stretchdown-hoody-1942911.html?dwvar_1942911_color=010,180,179.98,True
Mens Phantom Alpine Down Jacket,https://www.mountainhardwear.com/p/mens-phantom-alpine-down-jacket-2042861.html?dwvar_2042861_color=356,400,239.98,True
Men's Stretchdown Vest,https://www.mountainhardwear.com/p/mens-stretchdown-vest-2019381.html?dwvar_2019381_color=249,150,137.98,True
Product,Url,alert_price,price,alert
Mens Stretchdown Hoodie,https://www.mountainhardwear.com/p/mens-stretchdown-hoody-1942911.html?dwvar_1942911_color=010,180,179.98,True
Mens Phantom Alpine Down Jacket,https://www.mountainhardwear.com/p/mens-phantom-alpine-down-jacket-2042861.html?dwvar_2042861_color=356,400,239.98,True
Men's Stretchdown Vest,https://www.mountainhardwear.com/p/mens-stretchdown-vest-2019381.html?dwvar_2019381_color=249,150,137.98,True
Product,Url,alert_price,price,alert
Mens Stretchdown Hoodie,https://www.mountainhardwear.com/p/mens-stretchdown-hoody-1942911.html?dwvar_1942911_color=010,180,179.98,True
Mens Phantom Alpine Down Jacket,https://www.mountainhardwear.com/p/mens-phantom-alpine-down-jacket-2042861.html?dwvar_2042861_color=356,400,239.98,True
Men's Stretchdown Vest,https://www.mountainhardwear.com/p/mens-stretchdown-vest-2019381.html?dwvar_2019381_color=249,150,137.98,True
Product,Url,alert_price,price,alert
Mens Stretchdown Hoodie,https://www.mountainhardwear.com/p/mens-stretchdown-hoody-1942911.html?dwvar_1942911_color=010,180,179.98,True
Mens Phantom Alpine Down Jacket,https://www.mountainhardwear.com/p/mens-phantom-alpine-down-jacket-2042861.html?dwvar_2042861_color=356,400,239.98,True
Men's Stretchdown Vest,https://www.mountainhardwear.com/p/mens-stretchdown-vest-2019381.html?dwvar_2019381_color=249,150,137.98,True
Product,Url,alert_price,price,alert
Mens Stretchdown Hoodie,https://www.mountainhardwear.com/p/mens-stretchdown-hoody-1942911.html?dwvar_1942911_color=010,180,179.98,True
Mens Phantom Alpine Down Jacket,https://www.mountainhardwear.com/p/mens-phantom-alpine-down-jacket-2042861.html?dwvar_2042861_color=356,400,239.98,True
Men's Stretchdown Vest,https://www.mountainhardwear.com/p/mens-stretchdown-vest-2019381.html?dwvar_2019381_color=249,150,137.98,True
Product,Url,alert_price,price,alert
Mens Stretchdown Hoodie,https://www.mountainhardwear.com/p/mens-stretchdown-hoody-1942911.html?dwvar_1942911_color=010,180,179.98,True
Mens Phantom Alpine Down Jacket,https://www.mountainhardwear.com/p/mens-phantom-alpine-down-jacket-2042861.html?dwvar_2042861_color=356,400,239.98,True
Men's Stretchdown Vest,https://www.mountainhardwear.com/p/mens-stretchdown-vest-2019381.html?dwvar_2019381_color=249,150,137.98,True
Product,Url,alert_price,price,alert
Mens Stretchdown Hoodie,https://www.mountainhardwear.com/p/mens-stretchdown-hoody-1942911.html?dwvar_1942911_color=010,180,179.98,True
Mens Phantom Alpine Down Jacket,https://www.mountainhardwear.com/p/mens-phantom-alpine-down-jacket-2042861.html?dwvar_2042861_color=356,400,239.98,True
Men's Stretchdown Vest,https://www.mountainhardwear.com/p/mens-stretchdown-vest-2019381.html?dwvar_2019381_color=249,150,137.98,True
Product,Url,alert_price,price,alert
Mens Stretchdown Hoodie,https://www.mountainhardwear.com/p/mens-stretchdown-hoody-1942911.html?dwvar_1942911_color=010,180,179.98,True
Mens Phantom Alpine Down Jacket,https://www.mountainhardwear.com/p/mens-phantom-alpine-down-jacket-2042861.html?dwvar_2042861_color=356,400,239.98,True
Men's Stretchdown Vest,https://www.mountainhardwear.com/p/mens-stretchdown-vest-2019381.html?dwvar_2019381_color=249,150,137.98,True
Product,Url,alert_price,price,alert
Mens Stretchdown Hoodie,https://www.mountainhardwear.com/p/mens-stretchdown-hoody-1942911.html?dwvar_1942911_color=010,180,179.98,True
Mens Phantom Alpine Down Jacket,https://www.mountainhardwear.com/p/mens-phantom-alpine-down-jacket-2042861.html?dwvar_2042861_color=356,400,239.98,True
Men's Stretchdown Vest,https://www.mountainhardwear.com/p/mens-stretchdown-vest-2019381.html?dwvar_2019381_color=249,150,137.98,True
Product,Url,alert_price,price,alert
Mens Stretchdown Hoodie,https://www.mountainhardwear.com/p/mens-stretchdown-hoody-1942911.html?dwvar_1942911_color=010,180,179.98,True
Mens Phantom Alpine Down Jacket,https://www.mountainhardwear.com/p/mens-phantom-alpine-down-jacket-2042861.html?dwvar_2042861_color=356,400,239.98,True
Men's Stretchdown Vest,https://www.mountainhardwear.com/p/mens-stretchdown-vest-2019381.html?dwvar_2019381_color=249,150,137.98,True
Product,Url,alert_price,price,alert
Mens Stretchdown Hoodie,https://www.mountainhardwear.com/p/mens-stretchdown-hoody-1942911.html?dwvar_1942911_color=010,180,179.98,True
Mens Phantom Alpine Down Jacket,https://www.mountainhardwear.com/p/mens-phantom-alpine-down-jacket-2042861.html?dwvar_2042861_color=356,400,239.98,True
Men's Stretchdown Vest,https://www.mountainhardwear.com/p/mens-stretchdown-vest-2019381.html?dwvar_2019381_color=249,150,137.98,True
Product,Url,alert_price,price,alert
Mens Stretchdown Hoodie,https://www.mountainhardwear.com/p/mens-stretchdown-hoody-1942911.html?dwvar_1942911_color=010,180,179.98,True
Mens Phantom Alpine Down Jacket,https://www.mountainhardwear.com/p/mens-phantom-alpine-down-jacket-2042861.html?dwvar_2042861_color=356,400,239.98,True
Men's Stretchdown Vest,https://www.mountainhardwear.com/p/mens-stretchdown-vest-2019381.html?dwvar_2019381_color=249,150,137.98,True
Product,Url,alert_price,price,alert
Mens Stretchdown Hoodie,https://www.mountainhardwear.com/p/mens-stretchdown-hoody-1942911.html?dwvar_1942911_color=010,180,179.98,True
Mens Phantom Alpine Down Jacket,https://www.mountainhardwear.com/p/mens-phantom-alpine-down-jacket-2042861.html?dwvar_2042861_color=356,400,239.98,True
Men's Stretchdown Vest,https://www.mountainhardwear.com/p/mens-stretchdown-vest-2019381.html?dwvar_2019381_color=249,150,137.98,True
Product,Url,alert_price,price,alert
Mens Stretchdown Hoodie,https://www.mountainhardwear.com/p/mens-stretchdown-hoody-1942911.html?dwvar_1942911_color=010,180,179.98,True
Mens Phantom Alpine Down Jacket,https://www.mountainhardwear.com/p/mens-phantom-alpine-down-jacket-2042861.html?dwvar_2042861_color=356,400,239.98,True
Men's Stretchdown Vest,https://www.mountainhardwear.com/p/mens-stretchdown-vest-2019381.html?dwvar_2019381_color=249,150,137.98,True
Product,Url,alert_price,price,alert
Mens Stretchdown Hoodie,https://www.mountainhardwear.com/p/mens-stretchdown-hoody-1942911.html?dwvar_1942911_color=010,180,179.98,True
Mens Phantom Alpine Down Jacket,https://www.mountainhardwear.com/p/mens-phantom-alpine-down-jacket-2042861.html?dwvar_2042861_color=356,400,239.98,True
Men's Stretchdown Vest,https://www.mountainhardwear.com/p/mens-stretchdown-vest-2019381.html?dwvar_2019381_color=249,150,137.98,True
Product,Url,alert_price,price,alert
Mens Stretchdown Hoodie,https://www.mountainhardwear.com/p/mens-stretchdown-hoody-1942911.html?dwvar_1942911_color=010,180,179.98,True
Mens Phantom Alpine Down Jacket,https://www.mountainhardwear.com/p/mens-phantom-alpine-down-jacket-2042861.html?dwvar_2042861_color=356,400,239.98,True
Men's Stretchdown Vest,https://www.mountainhardwear.com/p/mens-stretchdown-vest-2019381.html?dwvar_2019381_color=249,150,137.98,True
Product,Url,alert_price,price,alert
Mens Stretchdown Hoodie,https://www.mountainhardwear.com/p/mens-stretchdown-hoody-1942911.html?dwvar_1942911_color=010,180,179.98,True
Mens Phantom Alpine Down Jacket,https://www.mountainhardwear.com/p/mens-phantom-alpine-down-jacket-2042861.html?dwvar_2042861_color=356,400,239.98,True
Men's Stretchdown Vest,https://www.mountainhardwear.com/p/mens-stretchdown-vest-2019381.html?dwvar_2019381_color=249,150,137.98,True
Product,Url,alert_price,price,alert
Mens Stretchdown Hoodie,https://www.mountainhardwear.com/p/mens-stretchdown-hoody-1942911.html?dwvar_1942911_color=010,180,179.98,True
Mens Phantom Alpine Down Jacket,https://www.mountainhardwear.com/p/mens-phantom-alpine-down-jacket-2042861.html?dwvar_2042861_color=356,400,239.98,True
Men's Stretchdown Vest,https://www.mountainhardwear.com/p/mens-stretchdown-vest-2019381.html?dwvar_2019381_color=249,150,137.98,True
Product,Url,alert_price,price,alert
Mens Stretchdown Hoodie,https://www.mountainhardwear.com/p/mens-stretchdown-hoody-1942911.html?dwvar_1942911_color=010,180,179.98,True
Mens Phantom Alpine Down Jacket,https://www.mountainhardwear.com/p/mens-phantom-alpine-down-jacket-2042861.html?dwvar_2042861_color=356,400,239.98,True
Men's Stretchdown Vest,https://www.mountainhardwear.com/p/mens-stretchdown-vest-2019381.html?dwvar_2019381_color=249,150,137.98,True
Product,Url,alert_price,price,alert
Mens Stretchdown Hoodie,https://www.mountainhardwear.com/p/mens-stretchdown-hoody-1942911.html?dwvar_1942911_color=010,180,179.98,True
Mens Phantom Alpine Down Jacket,https://www.mountainhardwear.com/p/mens-phantom-alpine-down-jacket-2042861.html?dwvar_2042861_color=356,400,239.98,True
Men's Stretchdown Vest,https://www.mountainhardwear.com/p/mens-stretchdown-vest-2019381.html?dwvar_2019381_color=249,150,137.98,True
Product,Url,alert_price,price,alert
Mens Stretchdown Hoodie,https://www.mountainhardwear.com/p/mens-stretchdown-hoody-1942911.html?dwvar_1942911_color=010,180,179.98,True
Mens Phantom Alpine Down Jacket,https://www.mountainhardwear.com/p/mens-phantom-alpine-down-jacket-2042861.html?dwvar_2042861_color=356,400,239.98,True
Men's Stretchdown Vest,https://www.mountainhardwear.com/p/mens-stretchdown-vest-2019381.html?dwvar_2019381_color=249,150,137.98,True
Product,Url,alert_price,price,alert
Mens Stretchdown Hoodie,https://www.mountainhardwear.com/p/mens-stretchdown-hoody-1942911.html?dwvar_1942911_color=010,180,179.98,True
Mens Phantom Alpine Down Jacket,https://www.mountainhardwear.com/p/mens-phantom-alpine-down-jacket-2042861.html?dwvar_2042861_color=356,400,239.98,True
Men's Stretchdown Vest,https://www.mountainhardwear.com/p/mens-stretchdown-vest-2019381.html?dwvar_2019381_color=249,150,137.98,True
Product,Url,alert_price,price,alert
Mens Stretchdown Hoodie,https://www.mountainhardwear.com/p/mens-stretchdown-hoody-1942911.html?dwvar_1942911_color=010,180,179.98,True
Mens Phantom Alpine Down Jacket,https://www.mountainhardwear.com/p/mens-phantom-alpine-down-jacket-2042861.html?dwvar_2042861_color=356,400,239.98,True
Men's Stretchdown Vest,https://www.mountainhardwear.com/p/mens-stretchdown-vest-2019381.html?dwvar_2019381_color=249,150,137.98,True
Product,Url,alert_price,price,alert
Mens Stretchdown Hoodie,https://www.mountainhardwear.com/p/mens-stretchdown-hoody-1942911.html?dwvar_1942911_color=010,180,179.98,True
Mens Phantom Alpine Down Jacket,https://www.mountainhardwear.com/p/mens-phantom-alpine-down-jacket-2042861.html?dwvar_2042861_color=356,400,239.98,True
Men's Stretchdown Vest,https://www.mountainhardwear.com/p/mens-stretchdown-vest-2019381.html?dwvar_2019381_color=249,150,137.98,True
